Code obligation,Nom,Date émission,Date maturité,Cours du jour en valeur,Coupon Couru,Dernier paiement (Date/Valeur du coupon),Organization,start,end,interest,last_payment_date,last_payment_value
BHB.O1,BHB 6.25% 2012-2017,08/02/2013,,10 000,"1 165,37","11/10/2015 / 587,50",BHB,2012,2017,6.25,11/10/2015,/
BHSN.O1,"DIASPORA BONDS BHS 6,25% 2019-2024",03/12/2019,,10 000,26712,"10/01/2023 / 309,93",DIASPORA BONDS BHS,2019,2024,6.25,10/01/2023,/
BIDC.O2,BIDC 6.75% 2010-2017,13/01/2011,,10 000,"1 001,43","04/04/2016 / 337,50",BIDC,2010,2017,6.75,04/04/2016,/
BIDC.O3,BIDC-EBID 6.50% 2014-2021,21/07/2014,,10 000,31602,"28/09/2020 / 325,00",BIDC-EBID,2014,2021,6.50,28/09/2020,/
BIDC.O4,"BIDC-EBID 6,10% 2017-2027",30/11/2017,,6 250,38021,"16/06/2022 / 381,25",BIDC-EBID,2017,2027,6.10,16/06/2022,/
BIDC.O5,"BIDC-EBID 6,40% 2019-2026",11/06/2020,,10 100,27227,"12/01/2023 / 320,00",BIDC-EBID,2019,2026,6.40,12/01/2023,/
BIDC.O6,"BIDC-EBID 6,50% 2021-2028",22/07/2021,,10 300,4986,"18/05/2023 / 327,67",BIDC-EBID,2021,2028,6.50,18/05/2023,/
BIDC.O7,"BIDC-EBID 5,90% 2022-2029",20/09/2022,,10 300,30389,"09/12/2022 / 294,19",BIDC-EBID,2022,2029,5.90,09/12/2022,/
BOABF.O3,BOA BURKINA FASO 6.25% 2012-2017,08/02/2013,,10 000,"1 165,37","11/10/2015 / 587,50",BOA BURKINA FASO,2012,2017,6.25,11/10/2015,/
BOAC.O2,BOA COTE D IVOIRE 6.25% 2012-2017,08/02/2013,,10 000,"1 214,96","11/10/2015 / 612,50",BOA COTE D IVOIRE,2012,2017,6.25,11/10/2015,/
BOAD.O11,BOAD 5.95% 2012-2019,04/07/2012,,10 000,58685,"06/03/2018 / 595,00",BOAD,2012,2019,5.95,06/03/2018,/
BOAD.O12,BOAD 5.95% 2014-2021,03/06/2015,,10 000,58685,"26/12/2020 / 595,00",BOAD,2014,2021,5.95,26/12/2020,/
BOAN.O2,BOA NIGER 6.25% 2012-2017,08/02/2013,,9 250,"1 165,37","11/10/2015 / 587,50",BOA NIGER,2012,2017,6.25,11/10/2015,/
BOAS.O2,BOA SENEGAL 6.50% 2012-2017,08/02/2013,,10 000,"1 211,98","11/10/2015 / 611,00",BOA SENEGAL,2012,2017,6.50,11/10/2015,/
CAAB.O3,CAA-BENIN 6.50% 2011-2016,16/02/2012,,10 000,64112,"09/11/2015 / 650,00",CAA-BENIN,2011,2016,6.50,09/11/2015,/
CRRH.O1,CRRH-UEMOA 6.10% 2012-2022,08/11/2012,,9 925,29826,"13/02/2022 / 305,00",CRRH-UEMOA,2012,2022,6.10,13/02/2022,/
CRRH.O10,"CRRH-UEMOA 6,10% 2022-2037",25/04/2023,,10 000,44486,"03/02/2023 / 610,00",CRRH-UEMOA,2022,2037,6.10,03/02/2023,/
CRRH.O2,CRRH-UEMOA 6.10% 2012-2024,06/06/2013,,10 000,25108,"17/01/2023 / 305,00",CRRH-UEMOA,2012,2024,6.10,17/01/2023,/
CRRH.O3,CRRH-UEMOA 6% 2013-2023,07/04/2014,,10 000,8197,"26/04/2023 / 300,00",CRRH-UEMOA,2013,2023,6,26/04/2023,/
CRRH.O4,CRRH-UEMOA 6% 2014-2024,26/05/2015,,10 000,27527,"30/12/2022 / 300,00",CRRH-UEMOA,2014,2024,6,30/12/2022,/
CRRH.O5,"CRRH-UEMOA 5,85% 2015-2025",23/03/2016,,9 999,25961,"04/01/2023 / 290,06",CRRH-UEMOA,2015,2025,5.85,04/01/2023,/
CRRH.O6,CRRH-UEMOA 5.85% 2016-2026,05/07/2017,,10 230,26341,"03/01/2023 / 292,50",CRRH-UEMOA,2016,2026,5.85,03/01/2023,/
CRRH.O7,"CRRH-UEMOA 5,95% 2017-2029",06/03/2018,,5 417,2540,"17/05/2023 / 161,15",CRRH-UEMOA,2017,2029,5.95,17/05/2023,/
CRRH.O8,"CRRH-UEMOA 5,95% 2018-2030",27/06/2019,,6 667,19179,"21/12/2022 / 198,33",CRRH-UEMOA,2018,2030,5.95,21/12/2022,/
CRRH.O9,"CRRH-UEMOA 6,05% 2018-2033",27/06/2019,,7 333,21452,"21/12/2022 / 221,83",CRRH-UEMOA,2018,2033,6.05,21/12/2022,/
EOM.O1,"ETAT DU MALI 6,20% 2016-2023",01/09/2016,,1 665,10153,"23/05/2022 / 103,23",ETAT DU MALI,2016,2023,6.20,23/05/2022,/
EOM.O10,"ETAT DU MALI 6,20% 2022-2029",15/02/2023,,10 000,31934,"09/12/2022 / 620,00",ETAT DU MALI,2022,2029,6.20,09/12/2022,/
EOM.O11,"ETAT DU MALI 6,40% 2023-2030",17/05/2023,,10 000,12066,"07/04/2023 / 640,00",ETAT DU MALI,2023,2030,6.40,07/04/2023,/
EOM.O2,ETAT DU MALI 6.50% 2017-2024,31/08/2017,,2 000,1989,"20/04/2023 / 130,00",ETAT DU MALI,2017,2024,6.50,20/04/2023,/
EOM.O3,"ETAT DU MALI 6,50% 2018-2025",02/04/2019,,5 999,36044,"05/10/2022 / 520,00",ETAT DU MALI,2018,2025,6.50,05/10/2022,/
EOM.O4,"ETAT DU MALI 6,50% 2019-2027",05/09/2019,,10 000,60192,"12/07/2022 / 650,00",ETAT DU MALI,2019,2027,6.50,12/07/2022,/
EOM.O5,"ETAT DU MALI 6,50% 2020-2028",11/06/2020,,10 000,14208,"27/03/2023 / 650,00",ETAT DU MALI,2020,2028,6.50,27/03/2023,/
EOM.O6,"ETAT DU MALI 6,50% 2020-2027",25/02/2021,,9 999,35082,"30/11/2022 / 650,00",ETAT DU MALI,2020,2027,6.50,30/11/2022,/
EOM.O7,"ETAT DU MALI 6,50% 2021-2031",10/06/2021,,10 650,10656,"16/04/2023 / 650,00",ETAT DU MALI,2021,2031,6.50,16/04/2023,/
EOM.O8,"ETAT DU MALI 6,20% 2022-2032",25/10/2022,,10 000,47732,"07/09/2022 / 620,00",ETAT DU MALI,2022,2032,6.20,07/09/2022,/
EOM.O9,"ETAT DU MALI 6,30% 2022-2032",15/02/2023,,9 900,32449,"09/12/2022 / 630,00",ETAT DU MALI,2022,2032,6.30,09/12/2022,/
EOS.O4,ETAT DU SENEGAL 6.70% 2012-2019,17/04/2013,,2 000,13253,"14/12/2018 / 134,00",ETAT DU SENEGAL,2012,2019,6.70,14/12/2018,/
EOS.O5,"Etat du Senegal 6,50% 2013-2023",20/12/2013,,10 350,24599,"29/01/2023 / 325,00",Etat du Senegal,2013,2023,6.50,29/01/2023,/
EOS.O6,ETAT DU SENEGAL 6.50% 2014-2021,10/03/2015,,1 000,3179,"27/05/2021 / 32,50",ETAT DU SENEGAL,2014,2021,6.50,27/05/2021,/
EOS.O7,ETAT DU SENEGAL 6.30% 2015-2025,30/03/2016,,10 500,3625,"25/05/2023 / 317,59",ETAT DU SENEGAL,2015,2025,6.30,25/05/2023,/
EOS.O8,"ETAT DU SENEGAL 5,95% 2022-2034",28/02/2023,,10 000,27386,"29/12/2022 / 595,00",ETAT DU SENEGAL,2022,2034,5.95,29/12/2022,/
FNSBC.O1,FCTC NSIA BANQUE 7% 2020-2025,18/09/2020,,4 422,7539,"16/03/2023 / 76,22",FCTC NSIA BANQUE,2020,2025,7,16/03/2023,/
FORBT.O1,FCTC ORABANK 7% 2021-2026,28/07/2022,,8 917,12272,"28/03/2023 / 142,92",FCTC ORABANK,2021,2026,7,28/03/2023,/
FTIMC.O1,FCTC TEYLIOM IMMO 7% 2021-2028,28/02/2022,,8 292,1087,"08/06/2023 / 142,92",FCTC TEYLIOM IMMO,2021,2028,7,08/06/2023,/
ORGT.O1,ORAGROUP 6.75% 2013-2019,07/04/2014,,10 000,32828,"04/06/2019 / 337,50",ORAGROUP,2013,2019,6.75,04/06/2019,/
ORGT.O2,"ORAGROUP SA 7,15% 2021-2028",14/01/2022,,10 500,9768,"26/04/2023 / 357,50",ORAGROUP SA,2021,2028,7.15,26/04/2023,/
PAAC.O1,PAA 6.95% 2010-2017,19/01/2011,,1 000,13359,"28/05/2016 / 68,47",PAA,2010,2017,6.95,28/05/2016,/
PADS.O2,PAD 7% 2010-2017,10/11/2010,,1 250,14934,"22/06/2016 / 76,13",PAD,2010,2017,7,22/06/2016,/
PADS.O3,"PAD 6,60% 2020-2027",18/12/2020,,9 000,9251,"19/04/2023 / 297,00",PAD,2020,2027,6.60,19/04/2023,/
PALC.O1,PALM 7% 2009-2016,13/01/2011,,9 995,67101,"28/06/2016 / 343,00",PALM,2009,2016,7,28/06/2016,/
SHAF.O3,SHELTER AFRIQUE 6.60% 2014-2021,04/06/2014,,1 000,3237,"28/08/2020 / 33,27",SHELTER AFRIQUE,2014,2021,6.60,28/08/2020,/
SIFC.O1,SIFCA 6.90% 2013-2021,26/11/2013,,10 000,66694,"08/08/2020 / 676,20",SIFCA,2013,2021,6.90,08/08/2020,/
SNLC.O1,"SENELEC 6,50% 2018-2025",15/01/2019,,4 000,5652,"27/03/2023 / 130,00",SENELEC,2018,2025,6.50,27/03/2023,/
SNTS.O2,"SONATEL 6,50% 2020-2027",15/09/2020,,9 000,22599,"16/01/2023 / 272,69",SONATEL,2020,2027,6.50,16/01/2023,/
SUKCI.S1,"SUKUK ETAT DE COTE D'IVOIRE 5,75% 2015-2020",17/10/2016,,9 990,28271,"28/06/2020 / 292,29",SUKUK ETAT DE COTE D'IVOIRE,2015,2020,5.75,28/06/2020,/
SUKCI.S2,"SUKUK ETAT DE COTE D'IVOIRE 5,75% 2016-2023",17/10/2016,,10 800,15972,"07/03/2023 / 293,89",SUKUK ETAT DE COTE D'IVOIRE,2016,2023,5.75,07/03/2023,/
SUKSN.S1,"SUKUK ETAT DU SENEGAL 6,25% 2014-2018",17/10/2016,,10 000,30724,"18/01/2018 / 315,97",SUKUK ETAT DU SENEGAL,2014,2018,6.25,18/01/2018,/
SUKSN.S2,SUKUK ETAT DU SENEGAL 6% 2016-2026,17/10/2016,,10 750,23333,"26/01/2023 / 301,67",SUKUK ETAT DU SENEGAL,2016,2026,6,26/01/2023,/
SUKTG.S1,"SUKUK ETAT DU TOGO 6,5% 2016-2026",17/10/2016,,10 000,24243,"17/02/2023 / 371,86",SUKUK ETAT DU TOGO,2016,2026,6.5,17/02/2023,/
TPBF.O10,"ETAT DU BURKINA 6,50% 2020-2028",15/05/2020,,8 667,12806,"20/03/2023 / 270,83",ETAT DU BURKINA,2020,2028,6.50,20/03/2023,/
TPBF.O11,"ETAT DU BURKINA 6,50% 2020-2028",18/08/2020,,9 166,25843,"09/01/2023 / 297,93",ETAT DU BURKINA,2020,2028,6.50,09/01/2023,/
TPBF.O12,"ETAT DU BURKINA 6,50% 2021-2031",20/05/2021,,10 700,14484,"25/03/2023 / 325,00",ETAT DU BURKINA,2021,2031,6.50,25/03/2023,/
TPBF.O13,"ETAT DU BURKINA 6,50% 2021-2031",12/08/2021,,10 000,28729,"06/01/2023 / 325,00",ETAT DU BURKINA,2021,2031,6.50,06/01/2023,/
TPBF.O14,"ETAT DU BURKINA 6,30% 2022-2034",02/12/2022,,10 500,18147,"01/03/2023 / 315,00",ETAT DU BURKINA,2022,2034,6.30,01/03/2023,/
TPBF.O15,"ETAT DU BURKINA 6,30% 2022-2034",15/12/2022,,10 000,36895,"15/11/2022 / 315,00",ETAT DU BURKINA,2022,2034,6.30,15/11/2022,/
TPBF.O16,ETAT DU BURKINA 6% 2023-2028,09/03/2023,,10 000,25856,"10/01/2023 / 300,00",ETAT DU BURKINA,2023,2028,6,10/01/2023,/
TPBF.O2,TPBF 6.50% 2011 - 2016,24/01/2012,,10 000,64112,"21/12/2015 / 650,00",TPBF 6.50% 2011,2011,2016,6.50,21/12/2015,/
TPBF.O3,TPBF 6.50% 2013-2020,13/02/2014,,10 000,31617,"29/05/2020 / 325,00",TPBF,2013,2020,6.50,29/05/2020,/
TPBF.O4,ETAT DU BURKINA 6.50% 2017-2027,25/10/2017,,10 000,24041,"31/01/2023 / 322,33",ETAT DU BURKINA,2017,2027,6.50,31/01/2023,/
TPBF.O5,"ETAT DU BURKINA 6,50% 2017-2024",29/03/2018,,10 000,30000,"29/12/2022 / 325,00",ETAT DU BURKINA,2017,2024,6.50,29/12/2022,/
TPBF.O6,"ETAT DU BURKINA 6,50% 2018-2025",06/09/2018,,10 500,34192,"05/12/2022 / 324,11",ETAT DU BURKINA,2018,2025,6.50,05/12/2022,/
TPBF.O7,"ETAT DU BURKINA 6,50% 2018-2025",01/02/2019,,9 900,5476,"15/05/2023 / 325,00",ETAT DU BURKINA,2018,2025,6.50,15/05/2023,/
TPBF.O8,"ETAT DU BURKINA 6,50% 2019-2027",08/08/2019,,10 000,7123,"06/05/2023 / 327,67",ETAT DU BURKINA,2019,2027,6.50,06/05/2023,/
TPBF.O9,"ETAT DU BURKINA 6,50% 2019-2027",09/12/2019,,10 000,12077,"08/04/2023 / 325,00",ETAT DU BURKINA,2019,2027,6.50,08/04/2023,/
TPBJ.O1,"TPBJ 6,50 % 2017-2027",20/07/2017,,10 500,42027,"07/04/2021 / 650,00","TPBJ 6,50",2017,2027,,07/04/2021,/
TPBJ.O2,"TPBJ 6,50% 2018-2025",25/10/2018,,10 500,32500,"29/05/2021 / 325,00",TPBJ,2018,2025,6.50,29/05/2021,/
TPBJ.O3,"TPBJ 6,50% 2020-2028",20/11/2020,,10 000,52356,"25/08/2022 / 650,00",TPBJ,2020,2028,6.50,25/08/2022,/
TPBJ.O4,"TPBJ 5,50% 2022-2037",20/04/2022,,10 000,15929,"01/03/2023 / 550,00",TPBJ,2022,2037,5.50,01/03/2023,/
TPBJ.O5,"TPBJ 5,85% 2022-2042",20/04/2022,,10 000,16943,"01/03/2023 / 585,00",TPBJ,2022,2042,5.85,01/03/2023,/
TPBJ.O6,"TPBJ 5,75% 2022-2037",11/10/2022,,10 000,50726,"28/07/2022 / 575,00",TPBJ,2022,2037,5.75,28/07/2022,/
TPCI.O10,TPCI 7% 2010-2017,27/01/2011,,10 400,"1 388,52","01/10/2015 / 700,00",TPCI,2010,2017,7,01/10/2015,/
TPCI.O11,TPCI 6.50% 2011-2016,01/12/2011,,10 085,63757,"15/09/2015 / 650,00",TPCI,2011,2016,6.50,15/09/2015,/
TPCI.O13,TPCI 6.50% 2012-2017,08/03/2013,,10 000,"1 289,34","19/09/2015 / 650,00",TPCI,2012,2017,6.50,19/09/2015,/
TPCI.O15,TPCI 6.30% 2013-2018,23/04/2014,,10 000,30639,"03/06/2018 / 315,00",TPCI,2013,2018,6.30,03/06/2018,/
TPCI.O16,TPCI 6.55% 2014-2022,23/02/2015,,10 000,64962,"20/05/2021 / 655,00",TPCI,2014,2022,6.55,20/05/2021,/
TPCI.O17,TPCI 3% 2014-2024,08/06/2015,,10 000,14670,"19/12/2022 / 150,00",TPCI,2014,2024,3,19/12/2022,/
TPCI.O18,TPCI 5.85% 2014-2021,08/06/2015,,10 000,28451,"19/06/2021 / 292,50",TPCI,2014,2021,5.85,19/06/2021,/
TPCI.O19,TPCI 5.99% 2015-2025,28/09/2015,,10 400,5237,"14/05/2023 / 599,00",TPCI,2015,2025,5.99,14/05/2023,/
TPCI.O20,"TPCI 5,85% 2015-2022",18/01/2016,,10 000,28451,"05/04/2022 / 292,50",TPCI,2015,2022,5.85,05/04/2022,/
TPCI.O21,TPCI 6% 2016-2028,23/09/2016,,10 000,11148,"08/04/2023 / 600,00",TPCI,2016,2028,6,08/04/2023,/
TPCI.O22,TPCI 5.90% 2016-2026,06/12/2016,,9 800,59000,"15/06/2022 / 590,00",TPCI,2016,2026,5.90,15/06/2022,/
TPCI.O23,TPCI 5.90% 2016-2026,04/05/2017,,9 500,33945,"17/11/2022 / 590,00",TPCI,2016,2026,5.90,17/11/2022,/
TPCI.O24,"TPCI 6,25% 2017-2029",18/07/2017,,9 975,12978,"31/03/2023 / 312,50",TPCI,2017,2029,6.25,31/03/2023,/
TPCI.O25,"TPCI 5,95% 2017-2024 - A",06/04/2018,,10 000,8454,"24/04/2023 / 297,50","TPCI 5,95% 2017-2024",2017,2024A,5.95,24/04/2023,/
TPCI.O26,"TPCI 5,95% 2017-2024 - B",06/04/2018,,10 000,5821,"10/05/2023 / 297,50","TPCI 5,95% 2017-2024",2017,2024B,5.95,10/05/2023,/
TPCI.O27,"TPCI 6,00% 2017-2025",14/12/2018,,10 250,27692,"29/12/2022 / 300,00",TPCI,2017,2025,6.00,29/12/2022,/
TPCI.O28,"TPCI 6,00% 2018-2026",14/12/2018,,10 100,52110,"02/08/2022 / 600,00",TPCI,2018,2026,6.00,02/08/2022,/
TPCI.O29,"TPCI 6,00% 2018-2026",14/05/2019,,10 000,39288,"19/10/2022 / 600,00",TPCI,2018,2026,6.00,19/10/2022,/
TPCI.O30,"TPCI 5,95% 2018-2025",28/06/2019,,4 988,163,"13/06/2023 / 149,16",TPCI,2018,2025,5.95,13/06/2023,/
TPCI.O31,"TPCI 5,75% 2019-2026",26/09/2019,,10 230,56712,"20/06/2022 / 575,00",TPCI,2019,2026,5.75,20/06/2022,/
TPCI.O32,"TPCI 2,23% 2019-2026",26/09/2019,,0,21995,"20/06/2022 / 223,00",TPCI,2019,2026,2.23,20/06/2022,/
TPCI.O33,"TPCI 5,75% 2019-2026",14/11/2019,,6 480,8201,"20/03/2023 / 345,00",TPCI,2019,2026,5.75,20/03/2023,/
TPCI.O34,"TPCI 6,00% 2019-2029",14/11/2019,,7 500,10697,"20/03/2023 / 450,00",TPCI,2019,2029,6.00,20/03/2023,/
TPCI.O35,"TPCI 5,75% 2019-2026",07/01/2020,,10 250,53404,"11/07/2022 / 575,00",TPCI,2019,2026,5.75,11/07/2022,/
TPCI.O36,"TPCI 5,75% 2019-2026",07/01/2020,,10 035,46945,"21/08/2022 / 575,00",TPCI,2019,2026,5.75,21/08/2022,/
TPCI.O37,"TPCI 5,80% 2019-2026",06/03/2020,,7 760,24535,"04/12/2022 / 464,00",TPCI,2019,2026,5.80,04/12/2022,/
TPCI.O38,"TPCI 5,75% 2019-2026",19/03/2020,,8 000,24323,"04/12/2022 / 460,00",TPCI,2019,2026,5.75,04/12/2022,/
TPCI.O39,"TPCI 5,75% 2019-2026",19/03/2020,,8 560,30373,"17/10/2022 / 460,00",TPCI,2019,2026,5.75,17/10/2022,/
TPCI.O40,"TPCI 5,75% 2019-2026",15/05/2020,,8 160,19660,"10/01/2023 / 460,00",TPCI,2019,2026,5.75,10/01/2023,/
TPCI.O41,"TPCI 5,80% 2020-2027",26/05/2020,,10 750,16956,"28/02/2023 / 580,00",TPCI,2020,2027,5.80,28/02/2023,/
TPCI.O42,"TPCI 5,90% 2020-2030",26/05/2020,,10 250,17249,"28/02/2023 / 590,00",TPCI,2020,2030,5.90,28/02/2023,/
TPCI.O43,"TPCI 5,90% 2020-2030",18/08/2020,,10 050,8544,"23/04/2023 / 590,00",TPCI,2020,2030,5.90,23/04/2023,/
TPCI.O44,"TPCI 5,80% 2020-2027",18/08/2020,,10 095,8399,"23/04/2023 / 580,00",TPCI,2020,2027,5.80,23/04/2023,/
TPCI.O45,"TPCI 5,80% 2020-2027",28/08/2020,,10 000,57841,"16/06/2022 / 580,00",TPCI,2020,2027,5.80,16/06/2022,/
TPCI.O46,"TPCI 5,90% 2020-2030",28/08/2020,,10 200,58838,"16/06/2022 / 590,00",TPCI,2020,2030,5.90,16/06/2022,/
TPCI.O47,"TPCI 5,80% 2020-2027",11/09/2020,,10 250,57841,"16/06/2022 / 580,00",TPCI,2020,2027,5.80,16/06/2022,/
TPCI.O48,"TPCI 5,80% 2020-2027",26/10/2020,,9 900,51008,"29/07/2022 / 580,00",TPCI,2020,2027,5.80,29/07/2022,/
TPCI.O49,"TPCI 5,90% 2020-2030",26/10/2020,,10 085,51888,"29/07/2022 / 590,00",TPCI,2020,2030,5.90,29/07/2022,/
TPCI.O50,"TPCI 5,90% 2020-2030",29/12/2020,,10 000,47038,"28/08/2022 / 590,00",TPCI,2020,2030,5.90,28/08/2022,/
TPCI.O51,"TPCI 5,80% 2020-2027",29/12/2020,,10 000,40679,"02/10/2022 / 580,00",TPCI,2020,2027,5.80,02/10/2022,/
TPCI.O52,"TPCI 5,90% 2020-2030",29/12/2020,,10 300,41381,"02/10/2022 / 590,00",TPCI,2020,2030,5.90,02/10/2022,/
TPCI.O53,"TPCI 5,80% 2020-2027",29/12/2020,,10 600,36548,"28/10/2022 / 580,00",TPCI,2020,2027,5.80,28/10/2022,/
TPCI.O54,"TPCI 5,90% 2020-2030",29/12/2020,,10 000,37178,"28/10/2022 / 590,00",TPCI,2020,2030,5.90,28/10/2022,/
TPCI.O55,"TPCI 5,80% 2020-2027",18/02/2021,,10 500,27490,"24/12/2022 / 580,00",TPCI,2020,2027,5.80,24/12/2022,/
TPCI.O56,"TPCI 5,90% 2020-2030",18/02/2021,,10 800,27964,"24/12/2022 / 590,00",TPCI,2020,2030,5.90,24/12/2022,/
TPCI.O57,"TPCI 5,80% 2020-2027",18/02/2021,,10 000,32893,"20/11/2022 / 580,00",TPCI,2020,2027,5.80,20/11/2022,/
TPCI.O58,"TPCI 5,80% 2021-2028",20/05/2021,,10 100,15530,"09/03/2023 / 580,00",TPCI,2021,2028,5.80,09/03/2023,/
TPCI.O59,"TPCI 5,90% 2021-2031",20/05/2021,,10 350,15798,"09/03/2023 / 590,00",TPCI,2021,2031,5.90,09/03/2023,/
TPCI.O60,"TPCI 5,80% 2021-2028",06/07/2021,,10 050,63244,"13/05/2022 / 580,00",TPCI,2021,2028,5.80,13/05/2022,/
TPCI.O61,"TPCI 5,90% 2021-2031",06/07/2021,,10 050,64334,"13/05/2022 / 590,00",TPCI,2021,2031,5.90,13/05/2022,/
TPCI.O62,"TPCI 5,80% 2021-2028",26/08/2021,,10 800,55616,"30/06/2022 / 580,00",TPCI,2021,2028,5.80,30/06/2022,/
TPCI.O63,"TPCI 5,90% 2021-2031",26/08/2021,,10 000,56575,"30/06/2022 / 590,00",TPCI,2021,2031,5.90,30/06/2022,/
TPCI.O64,"TPCI 5,80% 2021-2028",15/10/2021,,10 180,48148,"16/08/2022 / 580,00",TPCI,2021,2028,5.80,16/08/2022,/
TPCI.O65,"TPCI 5,90% 2021-2031",11/11/2021,,10 700,41704,"30/09/2022 / 590,00",TPCI,2021,2031,5.90,30/09/2022,/
TPCI.O66,"TPCI 5,90% 2021-2031",21/12/2021,,9 950,35885,"05/11/2022 / 590,00",TPCI,2021,2031,5.90,05/11/2022,/
TPCI.O67,"TPCI 5,90% 2021-2036",08/02/2022,,10 400,29258,"16/12/2022 / 590,00",TPCI,2021,2036,5.90,16/12/2022,/
TPCI.O68,"TPCI 5,90% 2022-2037",24/03/2022,,10 000,21660,"01/02/2023 / 590,00",TPCI,2022,2037,5.90,01/02/2023,/
TPCI.O69,"TPCI 5,75% 2022-2037",18/05/2022,,10 000,13354,"22/03/2023 / 575,00",TPCI,2022,2037,5.75,22/03/2023,/
TPCI.O70,"TPCI 5,75% 2022-2037",07/07/2022,,10 100,64904,"29/04/2022 / 575,00",TPCI,2022,2037,5.75,29/04/2022,/
TPCI.O71,"TPCI 5,65% 2022-2032",30/08/2022,,10 150,56500,"15/06/2022 / 565,00",TPCI,2022,2032,5.65,15/06/2022,/
TPCI.O72,"TPCI 5,65% 2022-2029",29/09/2022,,10 000,49689,"29/07/2022 / 565,00",TPCI,2022,2029,5.65,29/07/2022,/
TPCI.O73,"TPCI 5,75% 2022-2032",29/09/2022,,10 000,50568,"29/07/2022 / 575,00",TPCI,2022,2032,5.75,29/07/2022,/
TPCI.O74,"TPCI 5,85% 2022-2042",29/09/2022,,10 000,51448,"29/07/2022 / 585,00",TPCI,2022,2042,5.85,29/07/2022,/
TPCI.O75,"TPCI 5,65% 2022-2029",19/01/2023,,10 000,38853,"07/10/2022 / 565,00",TPCI,2022,2029,5.65,07/10/2022,/
TPCI.O76,"TPCI 5,75% 2022-2032",19/01/2023,,10 000,39541,"07/10/2022 / 575,00",TPCI,2022,2032,5.75,07/10/2022,/
TPCI.O77,TPCI (TX DE BASE + SPREAD)% 2022-2029,14/02/2023,,10 000,17778,"11/02/2023 / 127,60",TPCI (TX DE BASE +,2022,2029,,11/02/2023,/
TPCI.O78,"TPCI 5,65% 2022-2029",24/02/2023,,10 000,28482,"13/12/2022 / 565,00",TPCI,2022,2029,5.65,13/12/2022,/
TPCI.O79,"TPCI 5,75% 2023-2030",19/05/2023,,9 992,16856,"28/02/2023 / 575,00",TPCI,2023,2030,5.75,28/02/2023,/
TPNE.O1,"TRESOR PUBLIC DU NIGER 6,50% 2019-2026",08/10/2019,,10 000,14030,"28/03/2023 / 650,00",TRESOR PUBLIC DU NIGER,2019,2026,6.50,28/03/2023,/
TPNE.O2,"TRESOR PUBLIC DU NIGER 6,50% 2019-2026",11/12/2019,,10 000,56630,"01/08/2022 / 650,00",TRESOR PUBLIC DU NIGER,2019,2026,6.50,01/08/2022,/
TPNE.O3,"TRESOR PUBLIC DU NIGER 6,50% 2020-2027",19/01/2021,,10 150,56808,"31/07/2022 / 650,00",TRESOR PUBLIC DU NIGER,2020,2027,6.50,31/07/2022,/
TPNE.O4,"TRESOR PUBLIC DU NIGER 6,30% 2021-2031",23/11/2021,,10 000,50918,"24/08/2022 / 630,00",TRESOR PUBLIC DU NIGER,2021,2031,6.30,24/08/2022,/
TPNE.O5,"TRESOR PUBLIC DU NIGER 6,15% 2022-2034",28/07/2022,,10 550,63522,"03/06/2022 / 615,00",TRESOR PUBLIC DU NIGER,2022,2034,6.15,03/06/2022,/
TPNE.O6,"TRESOR PUBLIC DU NIGER 6,15% 2022-2034",27/01/2023,,10 000,30834,"14/12/2022 / 615,00",TRESOR PUBLIC DU NIGER,2022,2034,6.15,14/12/2022,/
TPTG.O1,"TPTG 6,90% 2018-2023",18/05/2018,,9 850,34125,"26/07/2019 / 345,00",TPTG,2018,2023,6.90,26/07/2019,/
TPTG.O2,TPTG 6% 2022-2037,07/02/2023,,10 000,34685,"16/11/2022 / 600,00",TPTG,2022,2037,6,16/11/2022,/
